model,auc,avg_precision,precision_top,recall_top,lift_top,log_loss,brier,fold_auc_mean,fold_auc_sd,auc_low,auc_high,diff_low,diff_high,features
Logistic regression,0.8334308622583593,0.6167719715879237,0.6802721088435374,0.4219409282700422,4.219409282700422,0.32654939281689316,0.0959226996039001,0.836893617183016,0.035251601170805114,0.8032748533784153,0.8626224785255594,,,all
Decision tree,0.7075723510630653,0.38994592770798336,0.5170068027210885,0.3206751054852321,3.206751054852321,0.3951366242345138,0.11870193322819657,0.7088976214095941,0.06229854077465589,0.6680181752883906,0.7462539703604633,-0.16421645105611882,-0.08877205106554359,all
Random forest,0.8009143764479624,0.5286544936713189,0.6054421768707483,0.3755274261603376,3.755274261603376,0.3576906129344016,0.1076269371445737,0.8018351121449502,0.06711151518062158,0.7667627334334167,0.832816264220008,-0.053251102465374844,-0.010920756234976202,all
Gradient boosting,0.8169159642873031,0.5849110111981021,0.673469387755102,0.4177215189873418,4.177215189873418,0.3342968014278824,0.0984494223646737,0.8199595586418698,0.05425491521825206,0.7819358580964276,0.8471758567919397,-0.037782004444243344,0.002802021904765649,all
Rule: works overtime,0.6507386532795384,0.238423326974412,0.2925170068027211,0.18143459915611815,1.8143459915611815,,,,,0.615473186908077,0.6853855086186871,-0.21707886259209247,-0.14888604148927037,all
No model (always predict the base rate),0.5,0.16122448979591836,0.16122448979591836,0.1,1.0,0.4416947962009027,0.1352311536859642,,,,,,,all
Logistic regression,0.8247559210323694,0.6029441831691004,0.7006802721088435,0.4345991561181435,4.345991561181435,0.3332880191661458,0.09821701388409078,0.8273022877493853,0.03630242684980807,0.7918122177187243,0.8543401994861184,,,"without Age, Gender, MaritalStatus"
Decision tree,0.7085664616848207,0.3778698535555907,0.47619047619047616,0.29535864978902954,2.9535864978902953,0.3971400774180743,0.12005486944426609,0.7090103174874667,0.0593596545806848,0.6680165674570102,0.7477121782786524,-0.15377886809996716,-0.07752080808515507,"without Age, Gender, MaritalStatus"
Random forest,0.7954459125114212,0.5223396883188236,0.564625850340136,0.350210970464135,3.50210970464135,0.36052424628264107,0.10869447596314223,0.7978996814862958,0.06257476523173511,0.7598507530252656,0.8278453552739424,-0.0509018169777595,-0.007566205930473124,"without Age, Gender, MaritalStatus"
Gradient boosting,0.8098425506722652,0.5707149511580197,0.6122448979591837,0.379746835443038,3.79746835443038,0.33870171261016235,0.1001065222545514,0.8118443957931865,0.05538387553945178,0.7727856365498768,0.841970823410393,-0.0346195732760456,0.004483604960103542,"without Age, Gender, MaritalStatus"
Rule: works overtime,0.6507386532795384,0.238423326974412,0.2925170068027211,0.18143459915611815,1.8143459915611815,,,,,0.615473186908077,0.6853855086186871,-0.20880504706353203,-0.1389450761985448,"without Age, Gender, MaritalStatus"
No model (always predict the base rate),0.5,0.16122448979591836,0.16122448979591836,0.1,1.0,0.4416947962009027,0.1352311536859642,,,,,,,"without Age, Gender, MaritalStatus"
